Condition,DP_Avg_Stay,DP_Sum_Billing,DP_Avg_Age,DP_Patient_Count
Arthritis,15.637047383689698,234399364,51.656011193628245,9248
Asthma,15.76836035251877,237998991,51.50256186634689,9182
Cancer,15.875013433637832,240668964,51.00010875475802,9220
Diabetes,14.740965816603364,223741523,51.522839373793694,9294
Hypertension,15.32867965367965,213282974,51.690080838977494,9217
Obesity,15.169224119299763,225439082,51.52274937857992,9226
