Condition,DP_Avg_Stay,DP_Sum_Billing,DP_Avg_Age,DP_Patient_Count
Arthritis,15.517941555651056,237266528,51.55941125913193,9308
Asthma,15.69711486118672,235422189,51.57789874795863,9185
Cancer,15.487048878291972,232122616,51.56107077056465,9227
Diabetes,15.432133261687262,238496109,51.56227834497582,9304
Hypertension,15.454132410212033,235685719,51.737667676330595,9244
Obesity,15.469339111592632,238183293,51.23551077889719,9231
