Condition,DP_Avg_Stay,DP_Sum_Billing,DP_Avg_Age,DP_Patient_Count
Arthritis,15.130668964774316,240162886,51.579072020669614,9310
Asthma,16.224186247036002,217440441,51.911821705426355,9173
Cancer,15.814285714285717,224640147,51.552267818574514,9235
Diabetes,15.084456521739128,253492008,51.55135192903708,9299
Hypertension,15.181208053691272,242358852,51.33066435836399,9236
Obesity,14.907742284786138,238926240,51.748699045967044,9231
