Condition,DP_Avg_Stay,DP_Sum_Billing,DP_Avg_Age,DP_Patient_Count
Arthritis,15.64736729452055,241555118,51.64547494390426,9309
Asthma,15.153560506771512,226481402,51.24657086871326,9190
Cancer,15.579797098287337,240383875,51.590364048827915,9229
Diabetes,15.10929376083189,232947945,51.855987227248534,9275
Hypertension,15.39629789997835,236168389,51.0518259348349,9251
Obesity,15.206344015696537,230349359,51.17522430007567,9237
