Condition,DP_Avg_Stay,DP_Sum_Billing,DP_Avg_Age,DP_Patient_Count
Arthritis,15.515470562956594,237112294,51.56231198968629,9308
Asthma,15.710179640718565,235350876,51.57676393728223,9185
Cancer,15.499078790506125,232244794,51.56280481196489,9227
Diabetes,15.419711951848669,238431160,51.55384780739467,9304
Hypertension,15.455538727823452,235688761,51.73802055164954,9245
Obesity,15.465662911611787,238206646,51.240359618717505,9231
