Condition,Avg_Stay,DP_Avg_Stay,% Diff Avg Stay,Sum_Billing,DP_Sum_Billing,% Diff Sum Billing,Avg_Age,DP_Avg_Age,% Diff Avg Age
Arthritis,15.517404383326172,15.517189514396222,0.0013846963360754552,237278699.1874669,237748557,0.19801938148771187,51.56532015470563,51.540923737916216,0.047311675203840525
Asthma,15.69657049537289,15.694937397931412,0.010404167215764063,235424113.67946327,236257302,0.35390950719310876,51.575830157866086,51.56427560683575,0.02240303451242475
Cancer,15.495827462880676,15.488402341209628,0.04791690981868733,232125348.38959643,231766469,0.1546058593282512,51.55879484122684,51.56887395686572,0.019548780513429533
Diabetes,15.422936371453138,15.426544868350348,0.023396951205015212,238505074.1473939,240379859,0.7860565899103213,51.55417024935512,51.58105489773951,0.052148348531964116
Hypertension,15.458626284478097,15.448025959978366,0.06857222824756477,235683595.22935167,234223404,0.6195557344289102,51.741914548404544,51.71301903114187,0.055845473664574104
Obesity,15.464305059040193,15.471187175043326,0.044503234880963485,238183946.7863497,239153764,0.40717152718953364,51.240277326400175,51.24948542953093,0.017970439683800663
