Medical Condition,Avg_Stay,Sum_Billing,Avg_Age,Patient_Count
Arthritis,15.517404383326172,237278699.18746692,51.56532015470563,9308
Asthma,15.69657049537289,235424113.67946327,51.575830157866086,9185
Cancer,15.495827462880676,232125348.38959643,51.558794841226835,9227
Diabetes,15.422936371453138,238505074.1473939,51.55417024935512,9304
Hypertension,15.458626284478097,235683595.22935167,51.741914548404544,9245
Obesity,15.464305059040191,238183946.7863497,51.240277326400175,9231
